codon, time
"AAA", 0.0402509384834731
"AAC", 0.110507451290668
"AAG", 0.0604197078788681
"AAU", 0.123158393712821
"ACA", 0.394975382672591
"ACC", 0.109246107169726
"ACG", 0.281169167298076
"ACU", 0.104469089298992
"AGA", 0.0218301122766991
"AGC", 0.324778905110064
"AGG", 0.541905350070383
"AGU", 0.324979567931622
"AUA", 0.624103503665006
"AUC", 0.0772327761223288
"AUG", 0.168054545273171
"AUU", 0.0773515729344252
"CAA", 0.0986448467817698
"CAC", 0.246812914660243
"CAG", 1.33686901304522
"CAU", 0.176011402191389
"CCA", 0.226146165587773
"CCC", 0.981335720959768
"CCG", 0.0459578500391875
"CCU", 0.970219759470539
"CGA", 0.134030376308791
"CGC", 0.0928124091093156
"CGG", 0.455400739925262
"CGU", 0.0943854393818052
"CUA", 0.465053683781127
"CUC", 1.55835991574641
"CUG", 0.323204535507848
"CUU", 0.505509237064076
"GAA", 0.0599124714758452
"GAC", 0.141051125664189
"GAG", 0.851874715482098
"GAU", 0.148657634677346
"GCA", 0.50112241511301
"GCC", 0.130619701425625
"GCG", 0.0478021330451688
"GCU", 0.131085669704009
"GGA", 0.244745929634097
"GGC", 0.0589916965558323
"GGG", 0.328887977543713
"GGU", 0.0588392081980574
"GUA", 1.09301915574979
"GUC", 0.120098890687232
"GUG", 0.476842718831339
"GUU", 0.120706165414588
"UAC", 0.209826761327584
"UAU", 0.227186645884288
"UCA", 0.873475588408838
"UCC", 0.108207561952643
"UCG", 1.5249736641184
"UCU", 0.108035313618857
"UGC", 0.160066323815329
"UGG", 0.05966771715878
"UGU", 0.160988693454572
"UUA", 0.17643377148086
"UUC", 0.164352837465183
"UUG", 0.111936854470803
"UUU", 0.164650028231818
tra, 0.0114206376107336
