codon, time
"AAA", 0.0224915313554279
"AAC", 0.0672560978257462
"AAG", 0.201265298715257
"AAU", 0.785707154293551
"ACA", 0.498768924707487
"ACC", 0.792066485922316
"ACG", 0.627734424631567
"ACU", 0.218479492389968
"AGA", 0.0215075611407701
"AGC", 0.14203886220197
"AGG", 0.670899662174872
"AGU", 0.785620405707305
"AUA", 0.621643648668196
"AUC", 0.706355989959354
"AUG", 0.214391909693619
"AUU", 0.103281832484688
"CAA", 0.0749635205517205
"CAC", 0.166412536100141
"CAG", 0.822439070108092
"CAU", 0.950432942447793
"CCA", 0.264986776669545
"CCC", 1.47912386436698
"CCG", 0.790257386843747
"CCU", 0.747820770456508
"CGA", 0.894500626380867
"CGC", 0.800718729193744
"CGG", 0.706810104707288
"CGU", 0.0725274095216133
"CUA", 0.458518263314368
"CUC", 0.977720072194425
"CUG", 1.34771973161149
"CUU", 1.27372825421504
"GAA", 0.05296996777723
"GAC", 0.0918284888628207
"GAG", 0.709401017029116
"GAU", 0.8210222318545
"GCA", 0.529150903245825
"GCC", 0.868338781988505
"GCG", 0.891829327321702
"GCU", 0.312201733207878
"GGA", 0.265183485755161
"GGC", 0.0437843097958511
"GGG", 0.649091074689368
"GGU", 0.750016268046489
"GUA", 0.651711276892955
"GUC", 0.880555708564422
"GUG", 0.747327988506841
"GUU", 0.127420069671293
"UAC", 0.16727559265054
"UAU", 0.951030972512862
"UCA", 0.608634067975439
"UCC", 0.856741147297722
"UCG", 0.82305341337084
"UCU", 0.11830191012467
"UGC", 0.159927613198622
"UGG", 0.16336472547459
"UGU", 0.915716887858816
"UUA", 0.176203179609108
"UUC", 0.119845443905591
"UUG", 0.284315638963354
"UUU", 0.871757976386197
tra, 0.028075468110608
